{"scores": [0.00137, 0.99905, 0.97973, 0.00033, 0.88807, 0.00078, 0.99971, 0.00059, 0.99966, 0.00034, 0.99983, 0.99886, 0.00026, 0.89342, 0.99914, 0.55627, 0.00031, 0.91145, 0.99925, 0.99426, 0.99954, 0.99842, 0.99823, 0.00027, 0.00027, 0.99516, 0.99946, 0.99196, 0.00026, 0.00027, 0.99801, 0.00025, 0.9996, 0.99969, 0.00037, 0.99975, 0.83121, 0.99956, 0.99964, 0.99699, 0.99303, 0.00251, 0.99974, 0.99973, 0.99947, 0.94472, 0.37862, 0.99979, 0.99976, 0.00059, 0.99917, 0.99906, 0.00038, 0.00038, 0.99961, 0.99954, 0.00044, 0.99964, 0.99857, 0.99006, 0.00027, 0.00095, 0.00039, 0.99978, 0.99971, 0.99965, 0.99861, 0.00075, 0.99962, 0.99907, 0.00027, 0.00038, 0.00644, 0.00029, 0.99795, 0.99961, 0.80452, 0.99978, 0.00031, 0.99961, 0.99976, 0.99946, 0.00139, 0.99975, 0.00028, 0.99971, 0.99765, 0.00027, 0.00031, 0.00028, 0.00055, 0.99951, 0.99906, 0.99963, 0.99901, 0.99042, 0.00041, 0.99979, 0.45818, 0.99535, 0.99325, 0.99977, 0.99749, 0.0009, 0.97272, 0.99958, 0.99379, 0.99971, 0.00173, 0.99702, 0.01795, 0.99964, 0.08533, 0.99962, 0.99965, 0.04037, 0.9955, 0.70701, 0.99978, 0.00032, 0.99965, 0.99962, 0.00027, 0.99971, 0.9901, 0.99964, 0.99384, 0.00067, 0.99902, 0.99955, 0.99946, 0.99978, 0.00053, 0.99943, 0.00027, 0.99931, 0.00068, 0.99807, 0.99105, 0.99532, 0.99947, 0.99962, 0.00024, 0.00049, 0.00037, 0.00032, 0.00042, 0.99963, 0.91272, 0.99983, 0.99974, 0.99978, 0.0003, 0.97912, 0.00027, 0.99966, 0.99974, 0.0003, 0.99977, 0.99844, 0.00046, 0.00191, 0.1801, 0.99942, 0.00027, 0.99962, 0.99953, 0.9997, 0.08461, 0.00217, 0.99964], "labels": [0, 1, 1, 0, 0, 0, 1, 0, 1, 0, 1, 1, 0, 0, 1, 0, 0, 1, 1, 1, 1, 1, 1, 0, 0, 1, 1, 1, 0, 0, 1, 0, 1, 1, 0, 1, 1, 1, 1, 1, 1, 0, 1, 1, 1, 1, 1, 1, 1, 0, 1, 1, 0, 0, 1, 1, 0, 1, 1, 1, 0, 0, 0, 1, 1, 1, 1, 0, 1, 1, 0, 0, 0, 0, 1, 1, 1, 1, 0, 1, 1, 1, 0, 1, 0, 1, 1, 0, 0, 0, 0, 1, 1, 1, 1, 1, 0, 1, 0, 1, 1, 1, 1, 0, 1, 1, 1, 1, 0, 1, 0, 1, 0, 1, 1, 0, 0, 1, 1, 0, 1, 1, 0, 1, 0, 1, 1, 0, 1, 1, 1, 1, 0, 1, 0, 1, 0, 1, 0, 1, 1, 1, 0, 0, 0, 0, 0, 1, 1, 1, 1, 1, 0, 1, 0, 1, 1, 0, 1, 1, 0, 0, 1, 1, 0, 1, 1, 1, 1, 0, 1], "roc": [[0.0, 0.0], [0.0, 0.01869], [0.0, 0.03738], [0.0, 0.07477], [0.0, 0.1215], [0.0, 0.14019], [0.0, 0.17757], [0.0, 0.19626], [0.0, 0.38318], [0.0, 0.40187], [0.0, 0.42991], [0.0, 0.78505], [0.01562, 0.78505], [0.01562, 0.86916], [0.03125, 0.86916], [0.03125, 0.8785], [0.04688, 0.8785], [0.04688, 0.94393], [0.07812, 0.94393], [0.07812, 0.97196], [0.10938, 0.97196], [0.10938, 0.99065], [0.125, 0.99065], [0.125, 1.0], [0.51562, 1.0], [0.54688, 1.0], [0.5625, 1.0], [0.59375, 1.0], [0.625, 1.0], [0.65625, 1.0], [0.70312, 1.0], [0.73438, 1.0], [0.78125, 1.0], [0.90625, 1.0], [0.9375, 1.0], [1.0, 1.0]], "pr": [[1.0, 0.62573], [1.0, 0.62941], [1.0, 0.63314], [1.0, 0.6369], [1.0, 0.64072], [1.0, 0.64848], [1.0, 0.68153], [1.0, 0.6859], [1.0, 0.69032], [1.0, 0.69481], [1.0, 0.70395], [1.0, 0.70861], [1.0, 0.71333], [1.0, 0.71812], [1.0, 0.72789], [1.0, 0.73288], [1.0, 0.73793], [1.0, 0.74825], [1.0, 0.75352], [1.0, 0.76429], [1.0, 0.76978], [1.0, 0.77536], [1.0, 0.78102], [1.0, 0.78676], [1.0, 0.79259], [1.0, 0.79851], [1.0, 0.80451], [1.0, 0.81061], [1.0, 0.81679], [1.0, 0.82308], [1.0, 0.82946], [1.0, 0.83594], [1.0, 0.84252], [1.0, 0.84921], [1.0, 0.856], [1.0, 0.8629], [1.0, 0.86992], [1.0, 0.87705], [1.0, 0.8843], [1.0, 0.89167], [1.0, 0.89916], [1.0, 0.90678], [1.0, 0.91453], [1.0, 0.92241], [1.0, 0.93043], [0.99065, 0.92982], [0.99065, 0.93805], [0.98131, 0.9375], [0.97196, 0.93694], [0.97196, 0.94545], [0.97196, 0.95413], [0.96262, 0.9537], [0.95327, 0.95327], [0.94393, 0.95283], [0.94393, 0.9619], [0.94393, 0.97115], [0.93458, 0.97087], [0.92523, 0.97059], [0.91589, 0.9703], [0.90654, 0.97], [0.8972, 0.9697], [0.88785, 0.96939], [0.8785, 0.96907], [0.8785, 0.97917], [0.86916, 0.97895], [0.86916, 0.98936], [0.85981, 0.98925], [0.85047, 0.98913], [0.84112, 0.98901], [0.83178, 0.98889], [0.82243, 0.98876], [0.81308, 0.98864], [0.80374, 0.98851], [0.79439, 0.98837], [0.78505, 0.98824], [0.78505, 1.0], [0.7757, 1.0], [0.76636, 1.0], [0.75701, 1.0], [0.74766, 1.0], [0.73832, 1.0], [0.72897, 1.0], [0.71963, 1.0], [0.71028, 1.0], [0.70093, 1.0], [0.69159, 1.0], [0.68224, 1.0], [0.6729, 1.0], [0.66355, 1.0], [0.65421, 1.0], [0.64486, 1.0], [0.63551, 1.0], [0.62617, 1.0], [0.61682, 1.0], [0.60748, 1.0], [0.59813, 1.0], [0.58879, 1.0], [0.57944, 1.0], [0.57009, 1.0], [0.56075, 1.0], [0.5514, 1.0], [0.54206, 1.0], [0.53271, 1.0], [0.52336, 1.0], [0.51402, 1.0], [0.50467, 1.0], [0.49533, 1.0], [0.48598, 1.0], [0.47664, 1.0], [0.46729, 1.0], [0.45794, 1.0], [0.4486, 1.0], [0.43925, 1.0], [0.42991, 1.0], [0.40187, 1.0], [0.38318, 1.0], [0.37383, 1.0], [0.36449, 1.0], [0.35514, 1.0], [0.34579, 1.0], [0.33645, 1.0], [0.3271, 1.0], [0.31776, 1.0], [0.30841, 1.0], [0.29907, 1.0], [0.28972, 1.0], [0.28037, 1.0], [0.27103, 1.0], [0.26168, 1.0], [0.25234, 1.0], [0.24299, 1.0], [0.23364, 1.0], [0.2243, 1.0], [0.21495, 1.0], [0.20561, 1.0], [0.19626, 1.0], [0.17757, 1.0], [0.16822, 1.0], [0.15888, 1.0], [0.14953, 1.0], [0.14019, 1.0], [0.1215, 1.0], [0.11215, 1.0], [0.1028, 1.0], [0.09346, 1.0], [0.08411, 1.0], [0.07477, 1.0], [0.05607, 1.0], [0.03738, 1.0], [0.02804, 1.0], [0.01869, 1.0], [0.0, 1.0]], "thresholds": [{"t": 0.02, "tp": 107, "fp": 9, "tn": 55, "fn": 0, "precision": 0.92241, "recall": 1.0, "f1": 0.95964}, {"t": 0.04, "tp": 107, "fp": 9, "tn": 55, "fn": 0, "precision": 0.92241, "recall": 1.0, "f1": 0.95964}, {"t": 0.06, "tp": 107, "fp": 8, "tn": 56, "fn": 0, "precision": 0.93043, "recall": 1.0, "f1": 0.96396}, {"t": 0.08, "tp": 107, "fp": 8, "tn": 56, "fn": 0, "precision": 0.93043, "recall": 1.0, "f1": 0.96396}, {"t": 0.1, "tp": 106, "fp": 7, "tn": 57, "fn": 1, "precision": 0.93805, "recall": 0.99065, "f1": 0.96364}, {"t": 0.12, "tp": 106, "fp": 7, "tn": 57, "fn": 1, "precision": 0.93805, "recall": 0.99065, "f1": 0.96364}, {"t": 0.14, "tp": 106, "fp": 7, "tn": 57, "fn": 1, "precision": 0.93805, "recall": 0.99065, "f1": 0.96364}, {"t": 0.16, "tp": 106, "fp": 7, "tn": 57, "fn": 1, "precision": 0.93805, "recall": 0.99065, "f1": 0.96364}, {"t": 0.18, "tp": 106, "fp": 7, "tn": 57, "fn": 1, "precision": 0.93805, "recall": 0.99065, "f1": 0.96364}, {"t": 0.2, "tp": 105, "fp": 7, "tn": 57, "fn": 2, "precision": 0.9375, "recall": 0.98131, "f1": 0.9589}, {"t": 0.22, "tp": 105, "fp": 7, "tn": 57, "fn": 2, "precision": 0.9375, "recall": 0.98131, "f1": 0.9589}, {"t": 0.24, "tp": 105, "fp": 7, "tn": 57, "fn": 2, "precision": 0.9375, "recall": 0.98131, "f1": 0.9589}, {"t": 0.26, "tp": 105, "fp": 7, "tn": 57, "fn": 2, "precision": 0.9375, "recall": 0.98131, "f1": 0.9589}, {"t": 0.28, "tp": 105, "fp": 7, "tn": 57, "fn": 2, "precision": 0.9375, "recall": 0.98131, "f1": 0.9589}, {"t": 0.3, "tp": 105, "fp": 7, "tn": 57, "fn": 2, "precision": 0.9375, "recall": 0.98131, "f1": 0.9589}, {"t": 0.32, "tp": 105, "fp": 7, "tn": 57, "fn": 2, "precision": 0.9375, "recall": 0.98131, "f1": 0.9589}, {"t": 0.34, "tp": 105, "fp": 7, "tn": 57, "fn": 2, "precision": 0.9375, "recall": 0.98131, "f1": 0.9589}, {"t": 0.36, "tp": 105, "fp": 7, "tn": 57, "fn": 2, "precision": 0.9375, "recall": 0.98131, "f1": 0.9589}, {"t": 0.38, "tp": 104, "fp": 7, "tn": 57, "fn": 3, "precision": 0.93694, "recall": 0.97196, "f1": 0.95413}, {"t": 0.4, "tp": 104, "fp": 7, "tn": 57, "fn": 3, "precision": 0.93694, "recall": 0.97196, "f1": 0.95413}, {"t": 0.42, "tp": 104, "fp": 7, "tn": 57, "fn": 3, "precision": 0.93694, "recall": 0.97196, "f1": 0.95413}, {"t": 0.44, "tp": 104, "fp": 7, "tn": 57, "fn": 3, "precision": 0.93694, "recall": 0.97196, "f1": 0.95413}, {"t": 0.46, "tp": 104, "fp": 6, "tn": 58, "fn": 3, "precision": 0.94545, "recall": 0.97196, "f1": 0.95853}, {"t": 0.48, "tp": 104, "fp": 6, "tn": 58, "fn": 3, "precision": 0.94545, "recall": 0.97196, "f1": 0.95853}, {"t": 0.5, "tp": 104, "fp": 6, "tn": 58, "fn": 3, "precision": 0.94545, "recall": 0.97196, "f1": 0.95853}, {"t": 0.52, "tp": 104, "fp": 6, "tn": 58, "fn": 3, "precision": 0.94545, "recall": 0.97196,