{"features": ["MedInc", "HouseAge", "AveRooms", "AveBedrms", "Population", "AveOccup", "Latitude", "Longitude"], "means": [3.87067, 28.63949, 5.429, 1.09668, 1425.47674, 3.07066, 35.63186, -119.5697], "stds": [1.89978, 12.58525, 2.47411, 0.4739, 1132.43469, 10.3858, 2.1359, 2.00348], "coef": [0.82959, 0.11882, -0.2654, 0.30552, -0.00448, -0.03933, -0.89927, -0.86992], "intercept": 2.06856, "target": "median house value (in $100,000s)", "example": {"MedInc": 3.87067, "HouseAge": 28.63949, "AveRooms": 5.429, "AveBedrms": 1.09668, "Population": 1425.47674, "AveOccup": 3.07066, "Latitude": 35.63186, "Longitude": -119.5697}}